,Date,btc_market_price
318,1/1/2011,0.299998
683,1/1/2012,5.2
1049,1/1/2013,13.561
1414,1/1/2014,746.9
1779,1/1/2015,315.7
2144,1/1/2016,432.33
2510,1/1/2017,997.729875
2875,1/1/2018,13812.18667
327,1/10/2011,0.32899999999999996
692,1/10/2012,6.89
1058,1/10/2013,14.32
1423,1/10/2014,827.46
1788,1/10/2015,278.0
2153,1/10/2016,446.24
2519,1/10/2017,906.0569142999999
2884,1/10/2018,15126.398330000002
328,1/11/2011,0.32899999999999996
693,1/11/2012,7.138
1059,1/11/2013,14.29999
1424,1/11/2014,891.85
1789,1/11/2015,272.25
2154,1/11/2016,447.11
2520,1/11/2017,785.2237375
2885,1/11/2018,13296.794
329,1/12/2011,0.35
694,1/12/2012,6.997000000000001
1060,1/12/2013,14.34999
1425,1/12/2014,851.0
1790,1/12/2015,270.0
2155,1/12/2016,446.66
2521,1/12/2017,803.372375
2886,1/12/2018,13912.882
330,1/13/2011,0.405
695,1/13/2012,6.85838999
1061,1/13/2013,14.3148
1426,1/13/2014,807.83
1791,1/13/2015,230.89
2156,1/13/2016,429.57
2522,1/13/2017,826.2956625
2887,1/13/2018,14499.773330000002
331,1/14/2011,0.45
696,1/14/2012,6.75
1062,1/14/2013,14.3
1427,1/14/2014,820.75
1792,1/14/2015,176.5
2157,1/14/2016,431.9
2523,1/14/2017,817.912875
2888,1/14/2018,13852.92
332,1/15/2011,0.4
697,1/15/2012,6.98999
1063,1/15/2013,14.47899
1428,1/15/2014,847.7
1793,1/15/2015,218.11
2158,1/15/2016,391.62
2524,1/15/2017,822.2076
2889,1/15/2018,14012.196000000002
333,1/16/2011,0.4
698,1/16/2012,7.18888
1064,1/16/2013,14.689
1429,1/16/2014,830.9
1794,1/16/2015,205.35
2159,1/16/2016,370.4
2525,1/16/2017,830.505125
2890,1/16/2018,11180.99833
334,1/17/2011,0.4
699,1/17/2012,6.98
1065,1/17/2013,15.39
1430,1/17/2014,793.0
1795,1/17/2015,197.12
2160,1/17/2016,385.45
2526,1/17/2017,903.84575
2891,1/17/2018,11116.946670000001
335,1/18/2011,0.38679
700,1/18/2012,6.95
1066,1/18/2013,15.985
1431,1/18/2014,801.53
1796,1/18/2015,211.18
2161,1/18/2016,385.28
2527,1/18/2017,874.9949625
2892,1/18/2018,11345.42333
336,1/19/2011,0.3401
701,1/19/2012,6.3
1067,1/19/2013,15.84304
1432,1/19/2014,833.0
1797,1/19/2015,212.39
2162,1/19/2016,378.66
2528,1/19/2017,895.798875
2893,1/19/2018,11422.44
319,1/2/2011,0.299996
684,1/2/2012,5.4999
1050,1/2/2013,13.4
1415,1/2/2014,758.01
1780,1/2/2015,316.15
2145,1/2/2016,433.94
2511,1/2/2017,1015.977113
2876,1/2/2018,15005.85667
337,1/20/2011,0.3675
702,1/20/2012,6.58
1068,1/20/2013,15.89
1433,1/20/2014,831.72
1798,1/20/2015,212.99
2163,1/20/2016,408.33
2529,1/20/2017,893.6210875
2894,1/20/2018,12950.79333
338,1/21/2011,0.44
703,1/21/2012,6.55
1069,1/21/2013,16.98
1434,1/21/2014,822.56
1799,1/21/2015,215.2
2164,1/21/2016,408.0
2530,1/21/2017,920.4479
2895,1/21/2018,11505.228000000001
339,1/22/2011,0.4299
704,1/22/2012,6.39
1070,1/22/2013,17.59
1435,1/22/2014,813.05
1800,1/22/2015,233.9
2165,1/22/2016,385.7
2531,1/22/2017,918.603625
2896,1/22/2018,10544.59333
340,1/23/2011,0.4443
705,1/23/2012,6.45485
1071,1/23/2013,17.5889
1436,1/23/2014,813.02
1801,1/23/2015,233.03
2166,1/23/2016,388.5
2532,1/23/2017,922.0736125
2897,1/23/2018,11223.063999999998
341,1/24/2011,0.44299999999999995
706,1/24/2012,6.515
1072,1/24/2013,19.189989999999998
1437,1/24/2014,789.1
1802,1/24/2015,244.64
2167,1/24/2016,404.75
2533,1/24/2017,890.320225
2898,1/24/2018,11282.25833
342,1/25/2011,0.425
707,1/25/2012,6.45
1073,1/25/2013,18.8348
1438,1/25/2014,806.0
1803,1/25/2015,247.11
2168,1/25/2016,387.09
2534,1/25/2017,893.045625
2899,1/25/2018,11214.44
343,1/26/2011,0.425
708,1/26/2012,6.2
1074,1/26/2013,17.61926
1439,1/26/2014,826.77
1804,1/26/2015,271.47
2169,1/26/2016,394.12
2535,1/26/2017,915.95625
2900,1/26/2018,10969.815
344,1/27/2011,0.4174
709,1/27/2012,5.689
1075,1/27/2013,17.99999
1440,1/27/2014,777.0
1805,1/27/2015,266.03
2170,1/27/2016,394.45
2536,1/27/2017,919.27975
2901,1/27/2018,11524.776670000001
345,1/28/2011,0.45
710,1/28/2012,5.74815
1076,1/28/2013,18.45
1441,1/28/2014,800.2
1806,1/28/2015,249.25
2171,1/28/2016,382.44
2537,1/28/2017,920.31225
2902,1/28/2018,11765.71
346,1/29/2011,0.446
711,1/29/2012,5.76
1077,1/29/2013,19.8
1442,1/29/2014,803.6
1807,1/29/2015,233.19
2172,1/29/2016,377.26
2538,1/29/2017,915.933
2903,1/29/2018,11212.655
320,1/3/2011,0.299998
685,1/3/2012,5.29
1051,1/3/2013,13.464
1416,1/3/2014,806.21
1781,1/3/2015,302.33
2146,1/3/2016,428.13
2512,1/3/2017,1023.141875
2877,1/3/2018,15053.261669999998
347,1/30/2011,0.48
712,1/30/2012,5.6
1078,1/30/2013,19.7
1443,1/30/2014,799.37
1808,1/30/2015,230.11
2173,1/30/2016,378.24
2539,1/30/2017,921.179325
2904,1/30/2018,10184.061670000001
348,1/31/2011,0.5
713,1/31/2012,5.65
1079,1/31/2013,21.43
1444,1/31/2014,802.5
1809,1/31/2015,229.7
2174,1/31/2016,376.86
2540,1/31/2017,964.706075
2905,1/31/2018,10125.01333
321,1/4/2011,0.29989899999999997
686,1/4/2012,5.6063
1052,1/4/2013,13.48986
1417,1/4/2014,822.38
1782,1/4/2015,270.93
2147,1/4/2016,433.0
2513,1/4/2017,1126.763338
2878,1/4/2018,15199.355
322,1/5/2011,0.298998
687,1/5/2012,6.399
1053,1/5/2013,13.548
1418,1/5/2014,896.0
1783,1/5/2015,276.8
2148,1/5/2016,431.9
2514,1/5/2017,994.674875
2879,1/5/2018,17174.12
323,1/6/2011,0.299
688,1/6/2012,7.22
1054,1/6/2013,13.52999
1419,1/6/2014,934.21
1784,1/6/2015,276.8
2149,1/6/2016,430.75
2515,1/6/2017,883.099175
2880,1/6/2018,17319.198
324,1/7/2011,0.322
689,1/7/2012,7.015560000000001
1055,1/7/2013,13.535
1420,1/7/2014,867.38
1785,1/7/2015,276.8
2150,1/7/2016,453.71
2516,1/7/2017,896.830375
2881,1/7/2018,16651.47167
325,1/8/2011,0.322898
690,1/8/2012,7.2
1056,1/8/2013,13.83
1421,1/8/2014,825.29
1786,1/8/2015,276.8
2151,1/8/2016,447.04
2517,1/8/2017,908.1490375
2882,1/8/2018,15265.906669999998
326,1/9/2011,0.322998
691,1/9/2012,7.2
1057,1/9/2013,13.879979999999998
1422,1/9/2014,809.17
1787,1/9/2015,276.8
2152,1/9/2016,450.15
2518,1/9/2017,894.18025
2883,1/9/2018,14714.253330000001
226,10/1/2010,0.061999
591,10/1/2011,5.3
957,10/1/2012,12.481
1322,10/1/2013,127.11
1687,10/1/2014,385.27
2052,10/1/2015,238.98
2418,10/1/2016,614.8238
2783,10/1/2017,4360.722967000001
235,10/10/2010,0.12
600,10/10/2011,4.25937
966,10/10/2012,12.15
1331,10/10/2013,126.43
1696,10/10/2014,358.97
2061,10/10/2015,245.79
2427,10/10/2016,617.54825
2792,10/10/2017,4782.28
236,10/11/2010,0.1301
601,10/11/2011,4.14001
967,10/11/2012,12.19
1332,10/11/2013,126.84
1697,10/11/2014,359.99
2062,10/11/2015,248.08
2428,10/11/2016,639.30995
2793,10/11/2017,4819.485767
237,10/12/2010,0.099
602,10/12/2011,4.206119999999999
968,10/12/2012,12.15
1333,10/12/2013,127.53
1698,10/12/2014,364.83
2063,10/12/2015,246.63
2429,10/12/2016,635.0139375
2794,10/12/2017,5325.130682999999
238,10/13/2010,0.095
603,10/13/2011,4.45
969,10/13/2012,12.137
1334,10/13/2013,129.74
1699,10/13/2014,381.46
2064,10/13/2015,249.58
2430,10/13/2016,635.9650875
2795,10/13/2017,5563.8065670000005
239,10/14/2010,0.105
604,10/14/2011,4.11455
970,10/14/2012,12.0
1335,10/14/2013,135.69
1700,10/14/2014,411.89
2065,10/14/2015,254.6
2431,10/14/2016,639.5656429
2796,10/14/2017,5739.438733
240,10/15/2010,0.11900000000000001
605,10/15/2011,4.05
971,10/15/2012,12.03
1336,10/15/2013,139.24
1701,10/15/2014,394.0
2066,10/15/2015,254.73
2432,10/15/2016,637.9498571
2797,10/15/2017,5647.311667
241,10/16/2010,0.109
606,10/16/2011,3.9009
972,10/16/2012,11.99
1337,10/16/2013,141.83
1702,10/16/2014,378.02
2067,10/16/2015,262.31
2433,10/16/2016,641.425125
2798,10/16/2017,5711.205867000001
242,10/17/2010,0.1045
607,10/17/2011,3.75996
973,10/17/2012,11.99
1338,10/17/2013,143.33
1703,10/17/2014,382.83
2068,10/17/2015,269.07
2434,10/17/2016,638.1833875
2799,10/17/2017,5603.712939999999
243,10/18/2010,0.10300000000000001
608,10/18/2011,2.9
974,10/18/2012,11.95998
1339,10/18/2013,150.59
1704,10/18/2014,389.68
2069,10/18/2015,262.44
2435,10/18/2016,636.2965
2800,10/18/2017,5546.1761
244,10/19/2010,0.1024
609,10/19/2011,2.6499900000000003
975,10/19/2012,11.967
1340,10/19/2013,165.05
1705,10/19/2014,388.99
2070,10/19/2015,264.16
2436,10/19/2016,629.253675
2801,10/19/2017,5727.6335
227,10/2/2010,0.061999
592,10/2/2011,5.16
958,10/2/2012,12.88
1323,10/2/2013,104.47
1688,10/2/2014,375.85
2053,10/2/2015,237.78
2419,10/2/2016,610.5189125
2784,10/2/2017,4386.88375
245,10/20/2010,0.10300000000000001
610,10/20/2011,2.42
976,10/20/2012,11.85
1341,10/20/2013,165.71
1706,10/20/2014,384.95
2071,10/20/2015,269.8
2437,10/20/2016,630.22705
2802,10/20/2017,5979.4598399999995
246,10/21/2010,0.109
611,10/21/2011,2.72002
977,10/21/2012,11.7965
1342,10/21/2013,177.07
1707,10/21/2014,387.0
2072,10/21/2015,269.1
2438,10/21/2016,631.9242125
2803,10/21/2017,6020.371682999999
247,10/22/2010,0.107
612,10/22/2011,3.3
978,10/22/2012,11.81
1343,10/22/2013,191.78
1708,10/22/2014,385.1
2073,10/22/2015,273.95
2439,10/22/2016,655.4886625
2804,10/22/2017,5983.18455
248,10/23/2010,0.10901
613,10/23/2011,3.36
979,10/23/2012,12.0
1344,10/23/2013,199.95
1709,10/23/2014,363.99
2074,10/23/2015,277.43
2440,10/23/2016,653.0028625
2805,10/23/2017,5876.079867
249,10/24/2010,0.19
614,10/24/2011,3.2
980,10/24/2012,11.82
1345,10/24/2013,195.78
1710,10/24/2014,358.46
2075,10/24/2015,279.9
2441,10/24/2016,651.396425
2806,10/24/2017,5505.827767
250,10/25/2010,0.15
615,10/25/2011,3.04
981,10/25/2012,11.71
1346,10/25/2013,172.81
1711,10/25/2014,348.89
2076,10/25/2015,295.01
2442,10/25/2016,655.31995
2807,10/25/2017,5669.622533
251,10/26/2010,0.19
616,10/26/2011,2.8760000000000003
982,10/26/2012,11.09988
1347,10/26/2013,179.71
1712,10/26/2014,355.43
2077,10/26/2015,284.95
2443,10/26/2016,672.2214125
2808,10/26/2017,5893.138417
252,10/27/2010,0.19
617,10/27/2011,3.0499
983,10/27/2012,10.83883
1348,10/27/2013,189.06
1713,10/27/2014,356.5
2078,10/27/2015,294.73
2444,10/27/2016,682.2239625
2809,10/27/2017,5772.504983
253,10/28/2010,0.19000999999999998
618,10/28/2011,3.255
984,10/28/2012,10.61
1349,10/28/2013,196.25
1714,10/28/2014,354.94
2079,10/28/2015,298.95
2445,10/28/2016,687.6883375
2810,10/28/2017,5776.69695
254,10/29/2010,0.191
619,10/29/2011,3.8271699999999997
985,10/29/2012,10.95
1350,10/29/2013,202.09
1715,10/29/2014,343.53
2080,10/29/2015,310.36
2446,10/29/2016,714.89545
2811,10/29/2017,6155.434020000001
228,10/3/2010,0.0614
593,10/3/2011,5.07546
959,10/3/2012,12.8999
1324,10/3/2013,116.95
1689,10/3/2014,363.75
2054,10/3/2015,239.17
2420,10/3/2016,611.8511
2785,10/3/2017,4293.3066
255,10/30/2010,0.1919
620,10/30/2011,3.65026
986,10/30/2012,10.85
1351,10/30/2013,203.39
1716,10/30/2014,337.0
2081,10/30/2015,329.2
2447,10/30/2016,698.0034
2812,10/30/2017,6105.874220000001
256,10/31/2010,0.19899999999999998
621,10/31/2011,3.388
987,10/31/2012,11.14
1352,10/31/2013,201.61
1717,10/31/2014,340.95
2082,10/31/2015,310.92
2448,10/31/2016,702.0015125
2813,10/31/2017,6388.645167000001
229,10/4/2010,0.062
594,10/4/2011,5.03
960,10/4/2012,13.0899
1325,10/4/2013,122.0
1690,10/4/2014,336.0
2055,10/4/2015,239.47
2421,10/4/2016,609.6248125
2786,10/4/2017,4225.175
230,10/5/2010,0.06301
595,10/5/2011,5.025
961,10/5/2012,12.99
1326,10/5/2013,121.51
1691,10/5/2014,293.67
2056,10/5/2015,239.22
2422,10/5/2016,612.3522875
2787,10/5/2017,4338.852
231,10/6/2010,0.0633
596,10/6/2011,4.93
962,10/6/2012,12.899989999999999
1327,10/6/2013,121.6
1692,10/6/2014,331.2
2057,10/6/2015,246.67
2423,10/6/2016,612.08875
2788,10/6/2017,4345.603333
232,10/7/2010,0.0638
597,10/7/2011,4.85
963,10/7/2012,12.7369
1328,10/7/2013,123.6
1693,10/7/2014,330.7
2058,10/7/2015,245.25
2424,10/7/2016,617.21035
2789,10/7/2017,4376.191667
233,10/8/2010,0.08800000000000001
598,10/8/2011,4.593999999999999
964,10/8/2012,12.08
1329,10/8/2013,123.84
1694,10/8/2014,346.26
2059,10/8/2015,243.91
2425,10/8/2016,618.0459999999999
2790,10/8/2017,4602.280882999999
234,10/9/2010,0.12000999999999999
599,10/9/2011,4.388999999999999
965,10/9/2012,12.35
1330,10/9/2013,126.08
1695,10/9/2014,378.94
2060,10/9/2015,244.78
2426,10/9/2016,615.65675
2791,10/9/2017,4777.967817
257,11/1/2010,0.1975
622,11/1/2011,3.35
988,11/1/2012,11.279000000000002
1353,11/1/2013,203.24
1718,11/1/2014,327.39
2083,11/1/2015,311.5
2449,11/1/2016,728.2068875
2814,11/1/2017,6665.306683
266,11/10/2010,0.2667
631,11/10/2011,3.0
997,11/10/2012,10.95899
1362,11/10/2013,296.91
1727,11/10/2014,375.87
2092,11/10/2015,353.58
2458,11/10/2016,713.690125
2823,11/10/2017,6719.39785
267,11/11/2010,0.24
632,11/11/2011,3.0
998,11/11/2012,10.939
1363,11/11/2013,339.38
1728,11/11/2014,365.04
2093,11/11/2015,309.9
2459,11/11/2016,715.4593
2824,11/11/2017,6362.851033
268,11/12/2010,0.251
633,11/12/2011,3.11
999,11/12/2012,11.18
1364,11/12/2013,353.95
1729,11/12/2014,430.07
2094,11/12/2015,331.6
2460,11/12/2016,703.7180000000001
2825,11/12/2017,5716.3015829999995
269,11/13/2010,0.3
634,11/13/2011,3.0989999999999998
1000,11/13/2012,11.129000000000001
1365,11/13/2013,391.64
1730,11/13/2014,406.56
2095,11/13/2015,332.2
2461,11/13/2016,701.901125
2826,11/13/2017,6550.227533
270,11/14/2010,0.299
635,11/14/2011,3.03
1001,11/14/2012,11.05
1366,11/14/2013,416.5
1731,11/14/2014,396.56
2096,11/14/2015,331.9
2462,11/14/2016,706.467875
2827,11/14/2017,6635.412633
271,11/15/2010,0.2828
636,11/15/2011,2.69
1002,11/15/2012,11.114
1367,11/15/2013,428.24
1732,11/15/2014,373.14
2097,11/15/2015,322.33
2463,11/15/2016,710.910125
2828,11/15/2017,7301.4299200000005
272,11/16/2010,0.2827
637,11/16/2011,2.6
1003,11/16/2012,11.8
1368,11/16/2013,433.53
1733,11/16/2014,383.65
2098,11/16/2015,329.32
2464,11/16/2016,736.914375
2829,11/16/2017,7815.0307
273,11/17/2010,0.28
638,11/17/2011,2.60031
1004,11/17/2012,11.8
1369,11/17/2013,463.0
1734,11/17/2014,378.48
2099,11/17/2015,335.95
2465,11/17/2016,736.9615
2830,11/17/2017,7786.884367000001
274,11/18/2010,0.28999899999999995
639,11/18/2011,2.38998
1005,11/18/2012,11.832
1370,11/18/2013,583.16
1735,11/18/2014,379.91
2100,11/18/2015,334.46
2466,11/18/2016,747.5217625
2831,11/18/2017,7817.140383
275,11/19/2010,0.28300000000000003
640,11/19/2011,2.3
1006,11/19/2012,11.79998
1371,11/19/2013,559.99
1736,11/19/2014,374.77
2101,11/19/2015,329.0
2467,11/19/2016,750.030875
2832,11/19/2017,8007.654067
258,11/2/2010,0.1955
623,11/2/2011,3.44
989,11/2/2012,11.20999
1354,11/2/2013,204.15
1719,11/2/2014,326.41
2084,11/2/2015,340.69
2450,11/2/2016,733.336125
2815,11/2/2017,7068.0201
276,11/20/2010,0.289
641,11/20/2011,2.499
1007,11/20/2012,11.84
1372,11/20/2013,595.0
1737,11/20/2014,361.7
2102,11/20/2015,320.62
2468,11/20/2016,729.066625
2833,11/20/2017,8255.596817
277,11/21/2010,0.29
642,11/21/2011,2.29
1008,11/21/2012,11.784
1373,11/21/2013,694.95
1738,11/21/2014,356.9
2103,11/21/2015,325.56
2469,11/21/2016,738.537625
2834,11/21/2017,8059.8
278,11/22/2010,0.282
643,11/22/2011,2.35
1009,11/22/2012,12.28
1374,11/22/2013,761.0
1739,11/22/2014,359.8
2104,11/22/2015,322.33
2470,11/22/2016,748.749375
2835,11/22/2017,8268.035
279,11/23/2010,0.2879
644,11/23/2011,2.38
1010,11/23/2012,12.43
1375,11/23/2013,837.99
1740,11/23/2014,362.99
2105,11/23/2015,324.49
2471,11/23/2016,741.6384
2836,11/23/2017,8148.95
280,11/24/2010,0.28299
645,11/24/2011,2.46
1011,11/24/2012,12.4108
1376,11/24/2013,833.16
1741,11/24/2014,384.0
2106,11/24/2015,321.1
2472,11/24/2016,737.450375
2837,11/24/2017,8250.978333
281,11/25/2010,0.28299
646,11/25/2011,2.56
1012,11/25/2012,12.6
1377,11/25/2013,814.0
1742,11/25/2014,381.03
2107,11/25/2015,325.0
2473,11/25/2016,739.786125
2838,11/25/2017,8707.407267
282,11/26/2010,0.289
647,11/26/2011,2.53125
1013,11/26/2012,12.6515
1378,11/26/2013,844.9
1743,11/26/2014,371.44
2108,11/26/2015,348.0
2474,11/26/2016,733.673
2839,11/26/2017,9284.1438
283,11/27/2010,0.28439899999999996
648,11/27/2011,2.4965
1014,11/27/2012,12.52999
1379,11/27/2013,961.0
1744,11/27/2014,372.62
2109,11/27/2015,359.54
2475,11/27/2016,727.9655
2840,11/27/2017,9718.29505
284,11/28/2010,0.28461
649,11/28/2011,2.53899
1015,11/28/2012,12.407119999999999
1380,11/28/2013,1009.0
1745,11/28/2014,376.12
2110,11/28/2015,353.88
2476,11/28/2016,733.052125
2841,11/28/2017,9952.508820000001
285,11/29/2010,0.27899999999999997
650,11/29/2011,2.9810000000000003
1016,11/29/2012,12.599
1381,11/29/2013,1083.9
1746,11/29/2014,377.22
2111,11/29/2015,363.98
2477,11/29/2016,732.712125
2842,11/29/2017,9879.328333
259,11/3/2010,0.275
624,11/3/2011,3.299
990,11/3/2012,10.60097
1355,11/3/2013,206.85
1720,11/3/2014,325.81
2085,11/3/2015,409.0
2451,11/3/2016,686.170875
2816,11/3/2017,7197.72006
286,11/30/2010,0.275
651,11/30/2011,2.9589999999999996
1017,11/30/2012,12.65
1382,11/30/2013,1119.96
1747,11/30/2014,375.96
2112,11/30/2015,372.53
2478,11/30/2016,742.6967625
2843,11/30/2017,10147.372
260,11/4/2010,0.23601
625,11/4/2011,3.21874
991,11/4/2012,10.68
1356,11/4/2013,225.1
1721,11/4/2014,328.72
2086,11/4/2015,437.05
2452,11/4/2016,703.6940875
2817,11/4/2017,7437.543317000001
261,11/5/2010,0.2399
626,11/5/2011,3.21
992,11/5/2012,10.9
1357,11/5/2013,246.63
1722,11/5/2014,341.99
2087,11/5/2015,400.0
2453,11/5/2016,704.7909
2818,11/5/2017,7377.012367
262,11/6/2010,0.29
627,11/6/2011,3.05
993,11/6/2012,10.88997
1358,11/6/2013,258.23
1723,11/6/2014,347.96
2088,11/6/2015,388.38
2454,11/6/2016,712.00325
2819,11/6/2017,6989.071667
263,11/7/2010,0.49999899999999997
628,11/7/2011,3.0289
994,11/7/2012,11.21603
1359,11/7/2013,292.32
1724,11/7/2014,342.26
2089,11/7/2015,387.38
2455,11/7/2016,703.819
2820,11/7/2017,7092.127233
264,11/8/2010,0.37
629,11/8/2011,3.21
995,11/8/2012,11.0979
1360,11/8/2013,325.56
1725,11/8/2014,345.84
2090,11/8/2015,381.51
2456,11/8/2016,708.974875
2821,11/8/2017,7415.87825
265,11/9/2010,0.3368
630,11/9/2011,3.114
996,11/9/2012,11.07
1361,11/9/2013,359.76
1726,11/9/2014,356.34
2091,11/9/2015,378.8
2457,11/9/2016,720.9301
2822,11/9/2017,7158.03706
287,12/1/2010,0.225
652,12/1/2011,3.14
1018,12/1/2012,12.68778
1383,12/1/2013,970.0
1748,12/1/2014,381.72
2113,12/1/2015,359.32
2479,12/1/2016,752.246125
2844,12/1/2017,10883.912
296,12/10/2010,0.204
661,12/10/2011,3.04
1027,12/10/2012,13.55
1392,12/10/2013,936.98
1757,12/10/2014,350.97
2122,12/10/2015,415.64
2488,12/10/2016,773.40125
2853,12/10/2017,14869.805
297,12/11/2010,0.2275
662,12/11/2011,3.38
1028,12/11/2012,13.63999
1393,12/11/2013,886.2
1758,12/11/2014,356.1
2123,12/11/2015,444.29
2489,12/11/2016,768.303125
2854,12/11/2017,16762.11667
298,12/12/2010,0.228
663,12/12/2011,3.34237
1029,12/12/2012,13.63999
1394,12/12/2013,845.75
1759,12/12/2014,355.08
2124,12/12/2015,426.06
2490,12/12/2016,777.006875
2855,12/12/2017,17276.393330000003
299,12/13/2010,0.22748000000000002
664,12/13/2011,3.3
1030,12/13/2012,13.79989
1395,12/13/2013,874.0
1760,12/13/2014,350.31
2125,12/13/2015,438.79
2491,12/13/2016,778.4935
2856,12/13/2017,16808.36667
300,12/14/2010,0.23
665,12/14/2011,3.2769999999999997
1031,12/14/2012,13.90119
1396,12/14/2013,864.7
1761,12/14/2014,353.28
2126,12/14/2015,445.6
2492,12/14/2016,774.8969999999999
2857,12/14/2017,16678.892
301,12/15/2010,0.2468
666,12/15/2011,3.1933
1032,12/15/2012,13.7722
1397,12/15/2013,848.17
1762,12/15/2014,352.15
2127,12/15/2015,459.48
2493,12/15/2016,776.75215
2858,12/15/2017,17771.9
302,12/16/2010,0.2459
667,12/16/2011,3.23
1033,12/16/2012,13.665479999999999
1398,12/16/2013,709.0
1763,12/16/2014,336.73
2128,12/16/2015,454.43
2494,12/16/2016,781.568375
2859,12/16/2017,19498.68333
303,12/17/2010,0.255
668,12/17/2011,3.23
1034,12/17/2012,13.498
1399,12/17/2013,702.05
1764,12/17/2014,318.2
2129,12/17/2015,453.39
2495,12/17/2016,788.7055
2860,12/17/2017,19289.785
304,12/18/2010,0.249
669,12/18/2011,3.25
1035,12/18/2012,13.399000000000001
1400,12/18/2013,576.16
1765,12/18/2014,317.7
2130,12/18/2015,458.95
2496,12/18/2016,788.40575
2861,12/18/2017,18961.856669999997
305,12/19/2010,0.2499
670,12/19/2011,3.70036
1036,12/19/2012,13.399000000000001
1401,12/19/2013,653.0
1766,12/19/2014,317.63
2131,12/19/2015,461.16
2497,12/19/2016,789.524125
2862,12/19/2017,17737.11167
288,12/2/2010,0.25
653,12/2/2011,3.138
1019,12/2/2012,12.68
1384,12/2/2013,992.27
1749,12/2/2014,381.93
2114,12/2/2015,360.98
2480,12/2/2016,772.43725
2845,12/2/2017,11071.36833
306,12/20/2010,0.275
671,12/20/2011,4.5
1037,12/20/2012,13.72
1402,12/20/2013,660.0
1767,12/20/2014,325.7
2132,12/20/2015,434.98
2498,12/20/2016,793.0901375
2863,12/20/2017,16026.271669999998
307,12/21/2010,0.26909
672,12/21/2011,4.11
1038,12/21/2012,13.6475
1403,12/21/2013,612.5
1768,12/21/2014,326.93
2133,12/21/2015,438.7
2499,12/21/2016,824.2189375
2864,12/21/2017,16047.51
308,12/22/2010,0.267
673,12/22/2011,3.99199
1039,12/22/2012,13.589979999999999
1404,12/22/2013,637.0
1769,12/22/2014,332.53
2134,12/22/2015,435.98
2500,12/22/2016,860.599875
2865,12/22/2017,15190.945
309,12/23/2010,0.25
674,12/23/2011,3.95
1040,12/23/2012,13.485470000000001
1405,12/23/2013,639.9
1770,12/23/2014,336.96
2135,12/23/2015,441.4
2501,12/23/2016,901.3182375
2866,12/23/2017,15360.261669999998
310,12/24/2010,0.25
675,12/24/2011,3.9499
1041,12/24/2012,13.45
1406,12/24/2013,647.27
1771,12/24/2014,327.59
2136,12/24/2015,453.95
2502,12/24/2016,891.6126125
2867,12/24/2017,13949.175
311,12/25/2010,0.25
676,12/25/2011,4.3897
1042,12/25/2012,13.45
1407,12/25/2013,658.07
1772,12/25/2014,319.31
2137,12/25/2015,454.98
2503,12/25/2016,886.900375
2868,12/25/2017,14119.028330000001
312,12/26/2010,0.269999
677,12/26/2011,4.31259
1043,12/26/2012,13.3989
1408,12/26/2013,734.42
1773,12/26/2014,328.09
2138,12/26/2015,417.99
2504,12/26/2016,897.335375
2869,12/26/2017,15999.048330000001
313,12/27/2010,0.265
678,12/27/2011,4.06
1044,12/27/2012,13.47
1409,12/27/2013,715.51
1774,12/27/2014,314.45
2139,12/27/2015,418.46
2505,12/27/2016,930.3760000000001
2870,12/27/2017,15589.32167
314,12/28/2010,0.28
679,12/28/2011,4.18888
1045,12/28/2012,13.6499
1410,12/28/2013,701.61
1775,12/28/2014,317.5
2140,12/28/2015,423.98
2506,12/28/2016,967.480375
2871,12/28/2017,14380.58167
315,12/29/2010,0.301
680,12/29/2011,4.33
1046,12/29/2012,13.67
1411,12/29/2013,714.79
1776,12/29/2014,314.49
2141,12/29/2015,431.13
2507,12/29/2016,963.381625
2872,12/29/2017,14640.14
289,12/3/2010,0.2553
654,12/3/2011,3.1299900000000003
1020,12/3/2012,12.67901
1385,12/3/2013,1060.0
1750,12/3/2014,378.25
2115,12/3/2015,362.49
2481,12/3/2016,764.339625
2846,12/3/2017,11332.622
316,12/30/2010,0.29999899999999996
681,12/30/2011,4.3
1047,12/30/2012,13.56998
1412,12/30/2013,739.1
1777,12/30/2014,313.09
2142,12/30/2015,428.0
2508,12/30/2016,952.156375
2873,12/30/2017,13215.573999999999
317,12/31/2010,0.29999899999999996
682,12/31/2011,4.995
1048,12/31/2012,13.59
1413,12/31/2013,731.0
1778,12/31/2014,317.4
2143,12/31/2015,429.34
2509,12/31/2016,959.879875
2874,12/31/2017,14165.575
290,12/4/2010,0.2589
655,12/4/2011,2.99
1021,12/4/2012,12.96675
1386,12/4/2013,1151.0
1751,12/4/2014,371.67
2116,12/4/2015,360.88
2482,12/4/2016,764.81625
2847,12/4/2017,11584.83
291,12/5/2010,0.235
656,12/5/2011,2.93
1022,12/5/2012,13.5
1387,12/5/2013,1028.34
1752,12/5/2014,373.98
2117,12/5/2015,377.72
2483,12/5/2016,754.63975
2848,12/5/2017,11878.43333
292,12/6/2010,0.225
657,12/6/2011,3.05
1023,12/6/2012,13.6888
1388,12/6/2013,894.0
1753,12/6/2014,374.05
2118,12/6/2015,390.04
2484,12/6/2016,756.6215
2849,12/6/2017,13540.98
293,12/7/2010,0.226
658,12/7/2011,3.082
1024,12/7/2012,13.68
1389,12/7/2013,727.29
1754,12/7/2014,375.73
2119,12/7/2015,395.58
2485,12/7/2016,766.1166375
2850,12/7/2017,16501.97167
294,12/8/2010,0.2477
659,12/8/2011,3.1
1025,12/8/2012,13.55
1390,12/8/2013,722.99
1755,12/8/2014,367.01
2120,12/8/2015,394.99
2486,12/8/2016,769.72975
2851,12/8/2017,16007.43667
295,12/9/2010,0.2388
660,12/9/2011,3.0389999999999997
1026,12/9/2012,13.53
1391,12/9/2013,871.0
1756,12/9/2014,350.29
2121,12/9/2015,414.01
2487,12/9/2016,770.028125
2852,12/9/2017,15142.83415
349,2/1/2011,0.95
714,2/1/2012,5.638
1080,2/1/2013,21.3
1445,2/1/2014,815.99
1810,2/1/2015,220.72
2175,2/1/2016,372.0
2541,2/1/2017,979.703875
358,2/10/2011,1.1
723,2/10/2012,5.92525
1089,2/10/2013,23.61458
1454,2/10/2014,665.0
1819,2/10/2015,220.16
2184,2/10/2016,378.98
2550,2/10/2017,999.1035
359,2/11/2011,1.0065
724,2/11/2012,6.0
1090,2/11/2013,24.1955
1455,2/11/2014,670.0
1820,2/11/2015,221.99
2185,2/11/2016,376.75
2551,2/11/2017,1008.846663
360,2/12/2011,1.0899
725,2/12/2012,5.85
1091,2/12/2013,25.76997
1456,2/12/2014,667.01
1821,2/12/2015,221.83
2186,2/12/2016,381.46
2552,2/12/2017,1000.604625
361,2/13/2011,1.08
726,2/13/2012,5.72
1092,2/13/2013,26.09999
1457,2/13/2014,633.99
1822,2/13/2015,239.94
2187,2/13/2016,388.6
2553,2/13/2017,999.877375
362,2/14/2011,1.08
727,2/14/2012,5.6
1093,2/14/2013,26.530920000000002
1458,2/14/2014,672.1
1823,2/14/2015,245.31
2188,2/14/2016,402.38
2554,2/14/2017,1011.78025
363,2/15/2011,1.085
728,2/15/2012,4.88
1094,2/15/2013,26.99898
1459,2/15/2014,651.42
1824,2/15/2015,243.99
2189,2/15/2016,402.64
2555,2/15/2017,1012.325988
364,2/16/2011,1.05019
729,2/16/2012,4.7336800000000006
1095,2/16/2013,27.070090000000004
1460,2/16/2014,623.5
1825,2/16/2015,235.86
2190,2/16/2016,406.69
2556,2/16/2017,1035.208125
0,2/17/2010,0.0
365,2/17/2011,1.05019
730,2/17/2012,4.76998
1096,2/17/2013,25.6083
1461,2/17/2014,642.0
1826,2/17/2015,244.0
2191,2/17/2016,418.04
2557,2/17/2017,1055.53685
1,2/18/2010,0.0
366,2/18/2011,1.05019
731,2/18/2012,4.49675
1097,2/18/2013,26.81565
1462,2/18/2014,626.77
1827,2/18/2015,234.87
2192,2/18/2016,418.97
2558,2/18/2017,1056.637138
2,2/19/2010,0.0
367,2/19/2011,1.02
732,2/19/2012,4.33333
1098,2/19/2013,28.789990000000003
1463,2/19/2014,623.93
1828,2/19/2015,241.59
2193,2/19/2016,418.02
2559,2/19/2017,1052.779286
350,2/2/2011,0.8400989999999999
715,2/2/2012,6.2
1081,2/2/2013,21.1
1446,2/2/2014,819.57
1811,2/2/2015,223.0
2176,2/2/2016,373.48
2542,2/2/2017,1007.6137130000001
3,2/20/2010,0.0
368,2/20/2011,0.954896
733,2/20/2012,4.52
1099,2/20/2013,29.812309999999997
1464,2/20/2014,582.7
1829,2/20/2015,243.56
2194,2/20/2016,439.48
2560,2/20/2017,1084.7550130000002
4,2/21/2010,0.0
369,2/21/2011,0.8796
734,2/21/2012,4.4354
1100,2/21/2013,29.80012
1465,2/21/2014,566.16
1830,2/21/2015,245.66
2195,2/21/2016,434.67
2561,2/21/2017,1123.788429
5,2/22/2010,0.0
370,2/22/2011,0.869499
735,2/22/2012,4.54
1101,2/22/2013,30.901
1466,2/22/2014,603.98
1831,2/22/2015,236.0
2196,2/22/2016,438.5
2562,2/22/2017,1123.2231880000002
6,2/23/2010,0.0
371,2/23/2011,0.95
736,2/23/2012,4.92481
1102,2/23/2013,29.27998
1467,2/23/2014,626.77
1832,2/23/2015,237.09
2197,2/23/2016,417.0
2563,2/23/2017,1172.01715
7,2/24/2010,0.0
372,2/24/2011,0.9499
737,2/24/2012,5.197780000000001
1103,2/24/2013,30.29777
1468,2/24/2014,545.0
1833,2/24/2015,240.1
2198,2/24/2016,423.1
2564,2/24/2017,1174.86625
8,2/25/2010,0.0
373,2/25/2011,1.0
738,2/25/2012,5.07
1104,2/25/2013,30.250009999999996
1469,2/25/2014,528.0
1834,2/25/2015,238.59
2199,2/25/2016,421.4
2565,2/25/2017,1150.605714
9,2/26/2010,0.0
374,2/26/2011,0.988567
739,2/26/2012,5.00073
1105,2/26/2013,31.179000000000002
1470,2/26/2014,585.38
1835,2/26/2015,237.5
2200,2/26/2016,424.34
2566,2/26/2017,1175.04975
10,2/27/2010,0.0
375,2/27/2011,0.96
740,2/27/2012,5.1
1106,2/27/2013,31.401809999999998
1471,2/27/2014,585.17
1836,2/27/2015,254.0
2201,2/27/2016,432.0
2567,2/27/2017,1190.75195
11,2/28/2010,0.0
376,2/28/2011,0.9492309999999999
741,2/28/2012,5.0
1107,2/28/2013,33.500009999999996
1472,2/28/2014,577.97
1837,2/28/2015,252.98
2202,2/28/2016,433.47
2568,2/28/2017,1187.565286
742,2/29/2012,4.9
2203,2/29/2016,436.18
351,2/3/2011,0.75
716,2/3/2012,6.148
1082,2/3/2013,20.68
1447,2/3/2014,813.8
1812,2/3/2015,236.51
2177,2/3/2016,368.38
2543,2/3/2017,1013.0269999999999
352,2/4/2011,0.88
717,2/4/2012,6.0
1083,2/4/2013,21.05
1448,2/4/2014,809.05
1813,2/4/2015,222.56
2178,2/4/2016,385.06
2544,2/4/2017,1030.999413
353,2/5/2011,0.9167
718,2/5/2012,5.9625
1084,2/5/2013,20.79
1449,2/5/2014,800.0
1814,2/5/2015,217.37
2179,2/5/2016,386.49
2545,2/5/2017,1014.837725
354,2/6/2011,0.92
719,2/6/2012,5.79
1085,2/6/2013,21.3339
1450,2/6/2014,778.0
1815,2/6/2015,220.47
2180,2/6/2016,373.04
2546,2/6/2017,1024.01375
355,2/7/2011,0.90585
720,2/7/2012,5.70999
1086,2/7/2013,22.15
1451,2/7/2014,742.78
1816,2/7/2015,225.16
2181,2/7/2016,373.74
2547,2/7/2017,1050.11
356,2/8/2011,0.9
721,2/8/2012,5.8494
1087,2/8/2013,22.15
1452,2/8/2014,707.0
1817,2/8/2015,223.5
2182,2/8/2016,375.8
2548,2/8/2017,1052.3766130000001
357,2/9/2011,0.935
722,2/9/2012,5.8
1088,2/9/2013,23.69997
1453,2/9/2014,710.0
1818,2/9/2015,220.39
2183,2/9/2016,372.61
2549,2/9/2017,976.1030000000001
12,3/1/2010,0.0
377,3/1/2011,0.97
743,3/1/2012,4.98421
1108,3/1/2013,34.877990000000004
1473,3/1/2014,571.5
1838,3/1/2015,247.56
2204,3/1/2016,431.87
2569,3/1/2017,1222.4994
21,3/10/2010,0.0
386,3/10/2011,0.87
752,3/10/2012,4.94
1117,3/10/2013,46.5
1482,3/10/2014,621.99
1847,3/10/2015,294.06
2213,3/10/2016,416.0
2578,3/10/2017,1098.617129
22,3/11/2010,0.0
387,3/11/2011,0.9329
753,3/11/2012,4.99
1118,3/11/2013,47.7397
1483,3/11/2014,622.9
1848,3/11/2015,293.29
2214,3/11/2016,421.22
2579,3/11/2017,1179.159875
23,3/12/2010,0.0
388,3/12/2011,0.9197
754,3/12/2012,4.95915
1119,3/12/2013,45.01771
1484,3/12/2014,642.1
1849,3/12/2015,297.39
2215,3/12/2016,410.0
2580,3/12/2017,1227.494625
24,3/13/2010,0.0
389,3/13/2011,0.9196
755,3/13/2012,5.41
1120,3/13/2013,46.79999
1485,3/13/2014,642.61
1850,3/13/2015,289.51
2216,3/13/2016,412.44
2581,3/13/2017,1239.816225
25,3/14/2010,0.0
390,3/14/2011,0.9
756,3/14/2012,5.4444
1121,3/14/2013,47.275890000000004
1486,3/14/2014,636.47
1851,3/14/2015,284.21
2217,3/14/2016,413.89
2582,3/14/2017,1245.370786
26,3/15/2010,0.0
391,3/15/2011,0.899885
757,3/15/2012,5.45
1122,3/15/2013,47.25005
1487,3/15/2014,636.29
1852,3/15/2015,283.57
2218,3/15/2016,414.78
2583,3/15/2017,1257.399625
27,3/16/2010,0.0
392,3/16/2011,0.89
758,3/16/2012,5.4
1123,3/16/2013,47.11
1488,3/16/2014,634.94
1853,3/16/2015,290.88
2219,3/16/2016,415.99
2584,3/16/2017,1180.945657
28,3/17/2010,0.0
393,3/17/2011,0.88
759,3/17/2012,5.3998
1124,3/17/2013,47.4419
1489,3/17/2014,624.7
1854,3/17/2015,287.02
2220,3/17/2016,418.64
2585,3/17/2017,1091.171888
29,3/18/2010,0.0
394,3/18/2011,0.850617
760,3/18/2012,5.379980000000001
1125,3/18/2013,47.65
1490,3/18/2014,627.0
1855,3/18/2015,265.85
2221,3/18/2016,408.87
2586,3/18/2017,952.2323625
30,3/19/2010,0.0
395,3/19/2011,0.8240000000000001
761,3/19/2012,5.3099
1126,3/19/2013,57.76
1491,3/19/2014,608.41
1856,3/19/2015,260.62
2222,3/19/2016,405.59
2587,3/19/2017,1029.800813
13,3/2/2010,0.0
378,3/2/2011,0.9498
744,3/2/2012,4.98888
1109,3/2/2013,34.1808
1474,3/2/2014,559.88
1839,3/2/2015,263.81
2205,3/2/2016,429.99
2570,3/2/2017,1259.410817
31,3/20/2010,0.0
396,3/20/2011,0.79
762,3/20/2012,4.98
1127,3/20/2013,63.40967
1492,3/20/2014,590.0
1857,3/20/2015,259.8
2223,3/20/2016,410.77
2588,3/20/2017,1049.0844880000002
32,3/21/2010,0.0
397,3/21/2011,0.7883
763,3/21/2012,4.87
1128,3/21/2013,73.8
1493,3/21/2014,579.99
1858,3/21/2015,257.83
2224,3/21/2016,410.49
2589,3/21/2017,1118.630043
33,3/22/2010,0.0
398,3/22/2011,0.799646
764,3/22/2012,4.88
1129,3/22/2013,71.5
1494,3/22/2014,557.0
1859,3/22/2015,260.5
2225,3/22/2016,415.35
2590,3/22/2017,1028.726863
34,3/23/2010,0.0
399,3/23/2011,0.85
765,3/23/2012,4.83
1130,3/23/2013,63.0
1495,3/23/2014,567.13
1860,3/23/2015,266.07
2226,3/23/2016,417.8
2591,3/23/2017,1038.789
35,3/24/2010,0.0
400,3/24/2011,0.9
766,3/24/2012,4.74896
1131,3/24/2013,70.1
1496,3/24/2014,572.0
1861,3/24/2015,247.83
2227,3/24/2016,416.47
2592,3/24/2017,941.9197142999999
36,3/25/2010,0.0
401,3/25/2011,0.89
767,3/25/2012,4.68294
1132,3/25/2013,73.88798
1497,3/25/2014,580.02
1862,3/25/2015,245.68
2228,3/25/2016,416.44
2593,3/25/2017,959.3400857
37,3/26/2010,0.0
402,3/26/2011,0.905
768,3/26/2012,4.73793
1133,3/26/2013,78.0
1498,3/26/2014,585.7
1863,3/26/2015,251.98
2229,3/26/2016,415.71
2594,3/26/2017,956.7863125
38,3/27/2010,0.0
403,3/27/2011,0.8958
769,3/27/2012,4.74
1134,3/27/2013,88.9
1499,3/27/2014,520.2
1864,3/27/2015,248.63
2230,3/27/2016,426.8
2595,3/27/2017,1037.22925
39,3/28/2010,0.0
404,3/28/2011,0.8575
770,3/28/2012,4.84592
1135,3/28/2013,93.56701
1500,3/28/2014,503.0
1865,3/28/2015,251.52
2231,3/28/2016,422.96
2596,3/28/2017,1046.127625
40,3/29/2010,0.0
405,3/29/2011,0.8
771,3/29/2012,4.86092
1136,3/29/2013,89.05
1501,3/29/2014,499.94
1866,3/29/2015,244.05
2232,3/29/2016,414.0
2597,3/29/2017,1040.5755
14,3/3/2010,0.0
379,3/3/2011,0.94
745,3/3/2012,4.77995
1110,3/3/2013,34.10007
1475,3/3/2014,666.5
1840,3/3/2015,275.8
2206,3/3/2016,421.44
2571,3/3/2017,1285.14
41,3/30/2010,0.0
406,3/30/2011,0.795
772,3/30/2012,4.83
1137,3/30/2013,90.99999
1502,3/30/2014,449.02
1867,3/30/2015,245.18
2233,3/30/2016,412.35
2598,3/30/2017,1037.90455
42,3/31/2010,0.0
407,3/31/2011,0.80098
773,3/31/2012,4.95
1138,3/31/2013,92.50001
1503,3/31/2014,457.0
1868,3/31/2015,242.92
2234,3/31/2016,416.94
2599,3/31/2017,1079.549314
15,3/4/2010,0.0
380,3/4/2011,0.9392
746,3/4/2012,4.9
1111,3/4/2013,36.35
1476,3/4/2014,677.61
1841,3/4/2015,281.65
2207,3/4/2016,416.48
2572,3/4/2017,1267.0272
16,3/5/2010,0.0
381,3/5/2011,0.918901
747,3/5/2012,5.04
1112,3/5/2013,40.04
1477,3/5/2014,664.85
1842,3/5/2015,265.63
2208,3/5/2016,401.0
2573,3/5/2017,1270.9333
17,3/6/2010,0.0
382,3/6/2011,0.9104450000000001
748,3/6/2012,5.05
1113,3/6/2013,47.5
1478,3/6/2014,657.02
1843,3/6/2015,272.12
2209,3/6/2016,408.86
2574,3/6/2017,1275.197375
18,3/7/2010,0.0
383,3/7/2011,0.909
749,3/7/2012,5.07
1114,3/7/2013,42.492709999999995
1479,3/7/2014,621.3
1844,3/7/2015,275.83
2210,3/7/2016,411.94
2575,3/7/2017,1238.447
19,3/8/2010,0.0
384,3/8/2011,0.9072
750,3/8/2012,5.0
1115,3/8/2013,42.98
1480,3/8/2014,609.0
1845,3/8/2015,273.87
2211,3/8/2016,412.39
2576,3/8/2017,1157.3933
20,3/9/2010,0.0
385,3/9/2011,0.8837510000000001
751,3/9/2012,4.9499
1116,3/9/2013,46.01112
1481,3/9/2014,637.99
1846,3/9/2015,287.48
2212,3/9/2016,413.1
2577,3/9/2017,1192.469143
43,4/1/2010,0.0
408,4/1/2011,0.79997
774,4/1/2012,4.928999999999999
1139,4/1/2013,102.51001
1504,4/1/2014,479.51
1869,4/1/2015,242.7
2235,4/1/2016,416.25
2600,4/1/2017,1086.9295710000001
52,4/10/2010,0.0
417,4/10/2011,0.758899
783,4/10/2012,4.9
1148,4/10/2013,198.0
1513,4/10/2014,401.0
1878,4/10/2015,235.71
2244,4/10/2016,421.63
2609,4/10/2017,1207.744875
53,4/11/2010,0.0
418,4/11/2011,0.7809999999999999
784,4/11/2012,4.8941
1149,4/11/2013,123.40098
1514,4/11/2014,427.99
1879,4/11/2015,236.7
2245,4/11/2016,420.69
2610,4/11/2017,1226.617038
54,4/12/2010,0.0
419,4/12/2011,0.897
785,4/12/2012,4.98
1150,4/12/2013,76.488
1515,4/12/2014,424.98
1880,4/12/2015,236.76
2246,4/12/2016,425.89
2611,4/12/2017,1218.92205
55,4/13/2010,0.0
420,4/13/2011,1.0
786,4/13/2012,4.94464
1151,4/13/2013,109.49999
1516,4/13/2014,405.0
1881,4/13/2015,225.99
2247,4/13/2016,424.61
2612,4/13/2017,1180.023713
56,4/14/2010,0.0
421,4/14/2011,0.94
787,4/14/2012,5.03
1152,4/14/2013,91.0
1517,4/14/2014,453.14
1882,4/14/2015,216.0
2248,4/14/2016,423.76
2613,4/14/2017,1185.260057
57,4/15/2010,0.0
422,4/15/2011,1.08999
788,4/15/2012,4.98389
1153,4/15/2013,91.0
1518,4/15/2014,489.91
1883,4/15/2015,218.96
2249,4/15/2016,429.09
2614,4/15/2017,1184.8806710000001
58,4/16/2010,0.0
423,4/16/2011,1.095
789,4/16/2012,4.98
1154,4/16/2013,91.0
1519,4/16/2014,511.5
1884,4/16/2015,229.62
2250,4/16/2016,429.43
2615,4/16/2017,1186.9274130000001
59,4/17/2010,0.0
424,4/17/2011,1.085
790,4/17/2012,5.022069999999999
1155,4/17/2013,85.59999
1520,4/17/2014,495.0
1885,4/17/2015,222.67
2251,4/17/2016,425.71
2616,4/17/2017,1205.634875
60,4/18/2010,0.0
425,4/18/2011,1.1999
791,4/18/2012,5.1782
1156,4/18/2013,96.5
1521,4/18/2014,479.98
1886,4/18/2015,222.32
2252,4/18/2016,427.28
2617,4/18/2017,1216.186743
61,4/19/2010,0.0
426,4/19/2011,1.19
792,4/19/2012,5.19
1157,4/19/2013,119.62
1522,4/19/2014,499.9
1887,4/19/2015,225.72
2253,4/19/2016,435.91
2618,4/19/2017,1217.930088
44,4/2/2010,0.0
409,4/2/2011,0.79697
775,4/2/2012,5.08
1140,4/2/2013,108.73
1505,4/2/2014,445.0
1870,4/2/2015,252.44
2236,4/2/2016,418.07
2601,4/2/2017,1099.169125
62,4/20/2010,0.0
427,4/20/2011,1.1979
793,4/20/2012,5.17
1158,4/20/2013,123.86
1523,4/20/2014,500.19
1888,4/20/2015,224.63
2254,4/20/2016,442.34
2619,4/20/2017,1241.686325
63,4/21/2010,0.0
428,4/21/2011,1.1979
794,4/21/2012,5.48
1159,4/21/2013,125.0
1524,4/21/2014,496.5
1889,4/21/2015,224.88
2255,4/21/2016,451.0
2620,4/21/2017,1258.361413
64,4/22/2010,0.0
429,4/22/2011,1.3319999999999999
795,4/22/2012,5.3287
1160,4/22/2013,123.515
1525,4/22/2014,493.33
1890,4/22/2015,237.34
2256,4/22/2016,447.25
2621,4/22/2017,1261.311225
65,4/23/2010,0.0
430,4/23/2011,1.5490000000000002
796,4/23/2012,5.21799
1161,4/23/2013,136.08098999999999
1526,4/23/2014,487.3
1891,4/23/2015,235.48
2257,4/23/2016,451.29
2622,4/23/2017,1257.988113
66,4/24/2010,0.0
431,4/24/2011,1.95
797,4/24/2012,5.2
1162,4/24/2013,153.20019
1527,4/24/2014,491.6
1892,4/24/2015,230.93
2258,4/24/2016,459.4
2623,4/24/2017,1262.902775
67,4/25/2010,0.0
432,4/25/2011,1.7009999999999998
798,4/25/2012,5.16
1163,4/25/2013,151.12001
1528,4/25/2014,459.15
1893,4/25/2015,228.6
2259,4/25/2016,463.86
2624,4/25/2017,1279.414688
68,4/26/2010,0.0
433,4/26/2011,1.73
799,4/26/2012,5.18
1164,4/26/2013,135.601
1529,4/26/2014,463.88
1894,4/26/2015,218.42
2260,4/26/2016,467.98
2625,4/26/2017,1309.109875
69,4/27/2010,0.0
434,4/27/2011,1.95
800,4/27/2012,5.1372
1165,4/27/2013,128.00001
1530,4/27/2014,440.1
1895,4/27/2015,222.59
2261,4/27/2016,447.31
2626,4/27/2017,1345.3539130000001
70,4/28/2010,0.0
435,4/28/2011,2.65
801,4/28/2012,5.1176
1166,4/28/2013,135.98998999999998
1531,4/28/2014,447.0
1896,4/28/2015,222.66
2262,4/28/2016,450.0
2627,4/28/2017,1331.2944289999998
71,4/29/2010,0.0
436,4/29/2011,2.7
802,4/29/2012,5.0184
1167,4/29/2013,141.50002
1532,4/29/2014,447.7
1897,4/29/2015,225.69
2263,4/29/2016,456.16
2628,4/29/2017,1334.9790380000002
45,4/3/2010,0.0
410,4/3/2011,0.7998
776,4/3/2012,5.01
1141,4/3/2013,138.79
1506,4/3/2014,446.31
1871,4/3/2015,254.39
2237,4/3/2016,418.07
2602,4/3/2017,1141.813
72,4/30/2010,0.0
437,4/30/2011,4.14996
803,4/30/2012,5.0
1168,4/30/2013,139.109
1533,4/30/2014,449.0
1898,4/30/2015,235.13
2264,4/30/2016,447.17
2629,4/30/2017,1353.0045
46,4/4/2010,0.0
411,4/4/2011,0.79
777,4/4/2012,4.97
1142,4/4/2013,131.99899
1507,4/4/2014,446.01
1872,4/4/2015,253.77
2238,4/4/2016,418.99
2603,4/4/2017,1141.600363
47,4/5/2010,0.0
412,4/5/2011,0.71
778,4/5/2012,4.94486
1143,4/5/2013,143.8
1508,4/5/2014,451.84
1873,4/5/2015,257.03
2239,4/5/2016,421.77
2604,4/5/2017,1133.079314
48,4/6/2010,0.0
413,4/6/2011,0.747844
779,4/6/2012,4.96
1144,4/6/2013,142.49765
1509,4/6/2014,459.67
1874,4/6/2015,254.7
2240,4/6/2016,421.09
2605,4/6/2017,1196.3079380000001
49,4/7/2010,0.0
414,4/7/2011,0.7677
780,4/7/2012,4.98
1145,4/7/2013,160.0997
1510,4/7/2014,447.74
1875,4/7/2015,255.48
2241,4/7/2016,420.33
2606,4/7/2017,1190.45425
50,4/8/2010,0.0
415,4/8/2011,0.799
781,4/8/2012,4.8
1146,4/8/2013,184.0
1511,4/8/2014,454.07
1876,4/8/2015,245.89
2242,4/8/2016,422.2
2607,4/8/2017,1181.149838
51,4/9/2010,0.0
416,4/9/2011,0.7676
782,4/9/2012,4.8
1147,4/9/2013,237.99
1512,4/9/2014,443.1
1877,4/9/2015,244.98
2243,4/9/2016,417.73
2608,4/9/2017,1208.8005
73,5/1/2010,0.0
438,5/1/2011,4.09
804,5/1/2012,5.0
1169,5/1/2013,124.2998
1534,5/1/2014,460.01
1899,5/1/2015,233.43
2265,5/1/2016,451.9
2630,5/1/2017,1417.1728130000001
82,5/10/2010,0.0
447,5/10/2011,5.2
813,5/10/2012,5.125
1178,5/10/2013,117.68
1543,5/10/2014,452.42
1908,5/10/2015,239.35
2274,5/10/2016,450.0
2639,5/10/2017,1762.88625
83,5/11/2010,0.0
448,5/11/2011,6.065
814,5/11/2012,5.03188
1179,5/11/2013,115.4
1544,5/11/2014,435.0
1909,5/11/2015,244.19
2275,5/11/2016,452.51
2640,5/11/2017,1820.9905629999998
84,5/12/2010,0.0
449,5/12/2011,5.94998
815,5/12/2012,5.0
1180,5/12/2013,114.32
1545,5/12/2014,441.5
1910,5/12/2015,241.51
2276,5/12/2016,454.7
2641,5/12/2017,1720.4785
85,5/13/2010,0.0
450,5/13/2011,8.45
816,5/13/2012,4.998880000000001
1181,5/13/2013,117.50298000000001
1546,5/13/2014,438.95
1911,5/13/2015,242.72
2277,5/13/2016,456.82
2642,5/13/2017,1771.920013
86,5/14/2010,0.0
451,5/14/2011,8.9
817,5/14/2012,5.0360000000000005
1182,5/14/2013,119.0
1547,5/14/2014,447.49
1912,5/14/2015,238.32
2278,5/14/2016,455.65
2643,5/14/2017,1776.3165
87,5/15/2010,0.0
452,5/15/2011,8.55
818,5/15/2012,5.09
1183,5/15/2013,114.98499
1548,5/15/2014,448.99
1913,5/15/2015,237.6
2279,5/15/2016,457.08
2644,5/15/2017,1723.1269379999999
88,5/16/2010,0.0
453,5/16/2011,8.5
819,5/16/2012,5.089980000000001
1184,5/16/2013,115.09024
1549,5/16/2014,449.51
1914,5/16/2015,236.63
2280,5/16/2016,454.88
2645,5/16/2017,1739.031975
89,5/17/2010,0.0
454,5/17/2011,8.38901
820,5/17/2012,5.1345
1185,5/17/2013,124.49
1550,5/17/2014,449.08
1915,5/17/2015,235.78
2281,5/17/2016,452.89
2646,5/17/2017,1807.4850629999999
90,5/18/2010,0.0
455,5/18/2011,7.874
821,5/18/2012,5.13
1186,5/18/2013,123.74995
1551,5/18/2014,447.14
1916,5/18/2015,236.45
2282,5/18/2016,452.9
2647,5/18/2017,1899.082888
91,5/19/2010,0.0
456,5/19/2011,7.34
822,5/19/2012,5.14291
1187,5/19/2013,121.05628
1552,5/19/2014,446.42
1917,5/19/2015,232.04
2283,5/19/2016,441.87
2648,5/19/2017,1961.520488
74,5/2/2010,0.0
439,5/2/2011,3.495
805,5/2/2012,5.1789
1170,5/2/2013,105.00003000000001
1535,5/2/2014,447.51
1900,5/2/2015,234.13
2266,5/2/2016,443.9
2631,5/2/2017,1452.076288
92,5/20/2010,0.0
457,5/20/2011,7.1
823,5/20/2012,5.15
1188,5/20/2013,122.65001000000001
1553,5/20/2014,485.01
1918,5/20/2015,234.6
2284,5/20/2016,441.25
2649,5/20/2017,2052.909788
93,5/21/2010,0.0
458,5/21/2011,6.6036
824,5/21/2012,5.1475
1189,5/21/2013,122.5
1554,5/21/2014,494.87
1919,5/21/2015,236.0
2285,5/21/2016,443.89
2650,5/21/2017,2046.534463
94,5/22/2010,0.0
459,5/22/2011,6.61
825,5/22/2012,5.12
1190,5/22/2013,122.64
1555,5/22/2014,523.84
1920,5/22/2015,240.5
2286,5/22/2016,438.0
2651,5/22/2017,2090.662313
95,5/23/2010,0.0
460,5/23/2011,7.45
826,5/23/2012,5.16
1191,5/23/2013,125.67
1556,5/23/2014,527.47
1921,5/23/2015,238.77
2287,5/23/2016,442.17
2652,5/23/2017,2287.7102879999998
96,5/24/2010,0.0
461,5/24/2011,7.2
827,5/24/2012,5.2324
1192,5/24/2013,131.5
1557,5/24/2014,521.52
1922,5/24/2015,240.46
2288,5/24/2016,445.34
2653,5/24/2017,2379.193833
97,5/25/2010,0.0
462,5/25/2011,7.51
828,5/25/2012,5.15
1193,5/25/2013,132.69
1558,5/25/2014,575.0
1923,5/25/2015,235.65
2289,5/25/2016,447.94
2654,5/25/2017,2387.206286
98,5/26/2010,0.0
463,5/26/2011,9.33
829,5/26/2012,5.149
1194,5/26/2013,134.04701
1559,5/26/2014,584.0
1924,5/26/2015,235.94
2290,5/26/2016,452.49
2655,5/26/2017,2211.976857
99,5/27/2010,0.0
464,5/27/2011,8.92
830,5/27/2012,5.148
1195,5/27/2013,132.60997
1560,5/27/2014,581.87
1925,5/27/2015,235.0
2291,5/27/2016,470.29
2656,5/27/2017,2014.0529629999999
100,5/28/2010,0.0
465,5/28/2011,8.735
831,5/28/2012,5.16
1196,5/28/2013,128.321
1561,5/28/2014,574.33
1926,5/28/2015,236.48
2292,5/28/2016,522.43
2657,5/28/2017,2192.9808
101,5/29/2010,0.0
466,5/29/2011,8.4992
832,5/29/2012,5.15889
1197,5/29/2013,129.97994
1562,5/29/2014,568.0
1927,5/29/2015,235.87
2293,5/29/2016,512.16
2658,5/29/2017,2275.9307
75,5/3/2010,0.0
440,5/3/2011,3.49
806,5/3/2012,5.184
1171,5/3/2013,93.15
1536,5/3/2014,434.5
1901,5/3/2015,240.51
2267,5/3/2016,450.96
2632,5/3/2017,1507.576857
102,5/30/2010,0.0
467,5/30/2011,9.0
833,5/30/2012,5.1725
1198,5/30/2013,130.99589
1563,5/30/2014,609.03
1928,5/30/2015,231.12
2294,5/30/2016,525.15
2659,5/30/2017,2239.205343
103,5/31/2010,0.0
468,5/31/2011,9.4998
834,5/31/2012,5.19
1199,5/31/2013,127.34071999999999
1564,5/31/2014,620.45
1929,5/31/2015,231.95
2295,5/31/2016,531.15
2660,5/31/2017,2285.933914
76,5/4/2010,0.0
441,5/4/2011,3.58
807,5/4/2012,5.15
1172,5/4/2013,111.98978999999999
1537,5/4/2014,436.21
1902,5/4/2015,236.17
2268,5/4/2016,447.37
2633,5/4/2017,1508.292125
77,5/5/2010,0.0
442,5/5/2011,3.5
808,5/5/2012,5.1495
1173,5/5/2013,117.89001
1538,5/5/2014,427.83
1903,5/5/2015,234.66
2269,5/5/2016,448.51
2634,5/5/2017,1533.3350710000002
78,5/6/2010,0.0
443,5/6/2011,3.5998
809,5/6/2012,5.099
1174,5/6/2013,120.94998999999999
1539,5/6/2014,430.33
1904,5/6/2015,235.79
2270,5/6/2016,460.91
2635,5/6/2017,1560.4102
79,5/7/2010,0.0
444,5/7/2011,3.7
810,5/7/2012,5.0947
1175,5/7/2013,106.81
1540,5/7/2014,446.65
1905,5/7/2015,233.99
2271,5/7/2016,459.04
2636,5/7/2017,1535.8684289999999
80,5/8/2010,0.0
445,5/8/2011,3.9
811,5/8/2012,5.1
1176,5/8/2013,113.95001
1541,5/8/2014,441.5
1906,5/8/2015,244.72
2272,5/8/2016,457.82
2637,5/8/2017,1640.619225
81,5/9/2010,0.0
446,5/9/2011,3.937
812,5/9/2012,5.09609
1177,5/9/2013,109.56154
1542,5/9/2014,452.02
1907,5/9/2015,241.08
2273,5/9/2016,461.63
2638,5/9/2017,1721.284971
104,6/1/2010,0.0
469,6/1/2011,9.391
835,6/1/2012,5.27
1200,6/1/2013,129.19945
1565,6/1/2014,674.98
1930,6/1/2015,222.4
2296,6/1/2016,539.47
2661,6/1/2017,2399.242671
113,6/10/2010,0.0
478,6/10/2011,35.0
844,6/10/2012,5.62
1209,6/10/2013,104.96851000000001
1574,6/10/2014,649.89
1939,6/10/2015,228.01
2305,6/10/2016,577.549875
2670,6/10/2017,2845.372857
114,6/11/2010,0.0
479,6/11/2011,30.0
845,6/11/2012,5.54545
1210,6/11/2013,108.0
1575,6/11/2014,639.99
1940,6/11/2015,229.0
2306,6/11/2016,594.4399875
2671,6/11/2017,2961.829613
115,6/12/2010,0.0
480,6/12/2011,24.99
846,6/12/2012,5.7
1211,6/12/2013,108.16201000000001
1576,6/12/2014,617.0
1941,6/12/2015,229.98
2307,6/12/2016,664.8465
2672,6/12/2017,2657.6750629999997
116,6/13/2010,0.0
481,6/13/2011,24.5
847,6/13/2012,5.96
1212,6/13/2013,109.0
1577,6/13/2014,582.0
1942,6/13/2015,230.22
2308,6/13/2016,702.0665
2673,6/13/2017,2748.185086
117,6/14/2010,0.0
482,6/14/2011,20.99
848,6/14/2012,5.95
1213,6/14/2013,100.0
1578,6/14/2014,557.92
1943,6/14/2015,232.05
2309,6/14/2016,685.241875
2674,6/14/2017,2447.0415629999998
118,6/15/2010,0.0
483,6/15/2011,20.0
849,6/15/2012,6.165
1214,6/15/2013,101.96998
1579,6/15/2014,560.49
1944,6/15/2015,236.46
2310,6/15/2016,692.289625
2675,6/15/2017,2442.48025
119,6/16/2010,0.0
484,6/16/2011,19.96
850,6/16/2012,6.599
1215,6/16/2013,100.0
1580,6/16/2014,595.0
1945,6/16/2015,245.35
2311,6/16/2016,762.43005
2676,6/16/2017,2464.9598140000003
120,6/17/2010,0.0
485,6/17/2011,19.3898
851,6/17/2012,6.52999
1216,6/17/2013,100.52521
1581,6/17/2014,597.65
1946,6/17/2015,249.96
2312,6/17/2016,743.9164
2677,6/17/2017,2665.927
121,6/18/2010,0.0
486,6/18/2011,17.2
852,6/18/2012,6.4668
1217,6/18/2013,107.38999
1582,6/18/2014,604.6
1947,6/18/2015,248.25
2313,6/18/2016,754.36625
2678,6/18/2017,2507.389252
122,6/19/2010,0.0
487,6/19/2011,18.8766
853,6/19/2012,6.53294
1218,6/19/2013,107.835
1583,6/19/2014,604.32
1948,6/19/2015,246.45
2314,6/19/2016,760.8168
2679,6/19/2017,2617.210263
105,6/2/2010,0.0
470,6/2/2011,10.57
836,6/2/2012,5.279
1201,6/2/2013,120.60293
1566,6/2/2014,631.49
1931,6/2/2015,224.83
2297,6/2/2016,539.99
2662,6/2/2017,2446.142414
123,6/20/2010,0.0
488,6/20/2011,17.35
854,6/20/2012,6.64999
1219,6/20/2013,111.97
1584,6/20/2014,593.33
1949,6/20/2015,244.08
2315,6/20/2016,729.1925857000001
2680,6/20/2017,2754.97825
124,6/21/2010,0.0
489,6/21/2011,15.5
855,6/21/2012,6.8
1220,6/21/2013,111.0
1585,6/21/2014,590.99
1950,6/21/2015,242.47
2316,6/21/2016,665.9586125
2681,6/21/2017,2671.04325
125,6/22/2010,0.0
490,6/22/2011,15.05
856,6/22/2012,6.79962
1221,6/22/2013,109.09
1586,6/22/2014,596.08
1951,6/22/2015,246.35
2317,6/22/2016,587.4542375
2682,6/22/2017,2727.288013
126,6/23/2010,0.0
491,6/23/2011,16.0
857,6/23/2012,6.65062
1222,6/23/2013,107.68388999999999
1587,6/23/2014,591.5
1952,6/23/2015,243.92
2318,6/23/2016,624.5419999999999
2683,6/23/2017,2710.4122859999998
127,6/24/2010,0.0
492,6/24/2011,16.7501
858,6/24/2012,6.5915
1223,6/24/2013,101.96936
1588,6/24/2014,585.54
1953,6/24/2015,240.64
2319,6/24/2016,660.60465
2684,6/24/2017,2589.164888
128,6/25/2010,0.0
493,6/25/2011,17.6
859,6/25/2012,6.449990000000001
1224,6/25/2013,103.86665
1589,6/25/2014,567.0
1954,6/25/2015,241.92
2320,6/25/2016,664.9068875
2685,6/25/2017,2512.366286
129,6/26/2010,0.0
494,6/26/2011,17.51001
860,6/26/2012,6.4514
1225,6/26/2013,104.40565
1590,6/26/2014,569.0
1955,6/26/2015,241.19
2321,6/26/2016,627.3926125
2686,6/26/2017,2436.451057
130,6/27/2010,0.0
495,6/27/2011,18.0
861,6/27/2012,6.55555
1226,6/27/2013,102.79001
1591,6/27/2014,588.97
1956,6/27/2015,248.5
2322,6/27/2016,646.7030125
2687,6/27/2017,2517.903114
131,6/28/2010,0.0
496,6/28/2011,17.52
862,6/28/2012,6.66897
1227,6/28/2013,96.63498
1592,6/28/2014,597.08
1957,6/28/2015,248.76
2323,6/28/2016,646.378475
2688,6/28/2017,2585.349186
132,6/29/2010,0.0
497,6/29/2011,17.3
863,6/29/2012,6.662000000000001
1228,6/29/2013,95.85301
1593,6/29/2014,596.0
1958,6/29/2015,253.8
2324,6/29/2016,637.959625
2689,6/29/2017,2544.414475
106,6/3/2010,0.0
471,6/3/2011,14.3
837,6/3/2012,5.26466
1202,6/3/2013,120.00001999999999
1567,6/3/2014,673.9
1932,6/3/2015,226.29
2298,6/3/2016,568.0
2663,6/3/2017,2525.7651579999997
133,6/30/2010,0.0
498,6/30/2011,17.5
864,6/30/2012,6.693
1229,6/30/2013,96.5
1594,6/30/2014,620.0
1959,6/30/2015,262.53
2325,6/30/2016,671.407925
2690,6/30/2017,2477.641375
107,6/4/2010,0.0
472,6/4/2011,17.41
838,6/4/2012,5.2785
1203,6/4/2013,120.56663
1568,6/4/2014,644.66
1933,6/4/2015,225.54
2299,6/4/2016,573.74
2664,6/4/2017,2516.173143
108,6/5/2010,0.0
473,6/5/2011,18.998
839,6/5/2012,5.5
1204,6/5/2013,122.4051
1569,6/5/2014,658.72
1934,6/5/2015,224.15
2300,6/5/2016,574.02
2665,6/5/2017,2698.3138129999998
109,6/6/2010,0.0
474,6/6/2011,19.23
840,6/6/2012,5.47
1205,6/6/2013,120.68998
1570,6/6/2014,655.75
1935,6/6/2015,224.49
2301,6/6/2016,584.5
2666,6/6/2017,2883.313697
110,6/7/2010,0.0
475,6/7/2011,19.06
841,6/7/2012,5.529
1206,6/7/2013,110.29501
1571,6/7/2014,654.3
1936,6/7/2015,222.6
2302,6/7/2016,577.54
2667,6/7/2017,2664.920863
111,6/8/2010,0.0
476,6/8/2011,31.9099
842,6/8/2012,5.66
1207,6/8/2013,107.8
1572,6/8/2014,652.0
1937,6/8/2015,228.0
2303,6/8/2016,578.68
2668,6/8/2017,2792.999188
112,6/9/2010,0.0
477,6/9/2011,31.5
843,6/9/2012,5.699990000000001
1208,6/9/2013,98.47045
1573,6/9/2014,650.93
1938,6/9/2015,230.1
2304,6/9/2016,575.2941375
2669,6/9/2017,2827.4913
134,7/1/2010,0.0
499,7/1/2011,17.0
865,7/1/2012,6.694
1230,7/1/2013,90.99799999999999
1595,7/1/2014,654.45
1960,7/1/2015,257.85
2326,7/1/2016,675.1863375
2691,7/1/2017,2434.077863
143,7/10/2010,0.0
508,7/10/2011,15.68
874,7/10/2012,7.239
1239,7/10/2013,78.58899
1604,7/10/2014,619.78
1969,7/10/2015,286.98
2335,7/10/2016,648.0949
2700,7/10/2017,2366.170143
144,7/11/2010,0.0
509,7/11/2011,15.1999
875,7/11/2012,7.257000000000001
1240,7/11/2013,87.15
1605,7/11/2014,630.31
1970,7/11/2015,293.5
2336,7/11/2016,647.9837
2701,7/11/2017,2369.862129
145,7/12/2010,0.0
510,7/12/2011,14.639879999999998
876,7/12/2012,7.32
1241,7/12/2013,97.8
1606,7/12/2014,631.98
1971,7/12/2015,309.3
2337,7/12/2016,672.7653125
2702,7/12/2017,2385.748571
146,7/13/2010,0.0
511,7/13/2011,14.15
877,7/13/2012,7.9
1242,7/13/2013,95.995
1607,7/13/2014,630.9
1972,7/13/2015,289.9
2338,7/13/2016,657.4524875
2703,7/13/2017,2354.783417
147,7/14/2010,0.0
512,7/14/2011,14.1
878,7/14/2012,7.688910000000001
1243,7/14/2013,94.75
1608,7/14/2014,622.8
1973,7/14/2015,292.87
2339,7/14/2016,658.8316125
2704,7/14/2017,2190.9478329999997
148,7/15/2010,0.0
513,7/15/2011,14.3
879,7/15/2012,7.64877
1244,7/15/2013,98.37516
1609,7/15/2014,623.17
1974,7/15/2015,290.95
2340,7/15/2016,664.57145
2705,7/15/2017,2058.9956
149,7/16/2010,0.0
514,7/16/2011,14.1
880,7/16/2012,8.2899
1245,7/16/2013,97.01
1610,7/16/2014,619.48
1975,7/16/2015,275.76
2341,7/16/2016,662.15335
2706,7/16/2017,1931.2143
150,7/17/2010,0.0
515,7/17/2011,13.96
881,7/17/2012,9.49
1246,7/17/2013,97.97
1611,7/17/2014,626.0
1976,7/17/2015,277.99
2342,7/17/2016,675.45905
2707,7/17/2017,2176.6234879999997
151,7/18/2010,0.0
516,7/18/2011,13.6901
882,7/18/2012,9.39899
1247,7/18/2013,90.40001
1612,7/18/2014,629.86
1977,7/18/2015,278.08
2343,7/18/2016,673.2056375
2708,7/18/2017,2320.12225
152,7/19/2010,0.0
517,7/19/2011,14.7
883,7/19/2012,9.27491
1248,7/19/2013,93.41082
1613,7/19/2014,630.92
1978,7/19/2015,276.09
2344,7/19/2016,672.8432
2709,7/19/2017,2264.7657
135,7/2/2010,0.0
500,7/2/2011,16.49
866,7/2/2012,6.75
1231,7/2/2013,89.55
1596,7/2/2014,654.0
1961,7/2/2015,255.06
2327,7/2/2016,701.7121125
2692,7/2/2017,2501.191343
153,7/20/2010,0.0
518,7/20/2011,14.04
884,7/20/2012,9.23355
1249,7/20/2013,91.8775
1614,7/20/2014,623.77
1979,7/20/2015,278.26
2345,7/20/2016,665.643125
2710,7/20/2017,2898.1884170000003
154,7/21/2010,0.0
519,7/21/2011,13.9389
885,7/21/2012,9.7
1250,7/21/2013,88.93999000000001
1615,7/21/2014,619.14
1980,7/21/2015,278.97
2346,7/21/2016,664.882075
2711,7/21/2017,2682.195363
155,7/22/2010,0.0
520,7/22/2011,13.9389
886,7/22/2012,9.0
1251,7/22/2013,91.788
1616,7/22/2014,621.03
1981,7/22/2015,277.54
2347,7/22/2016,651.5813625
2712,7/22/2017,2807.609857
156,7/23/2010,0.0
521,7/23/2011,13.92
887,7/23/2012,9.2
1252,7/23/2013,95.396
1617,7/23/2014,622.01
1982,7/23/2015,276.64
2348,7/23/2016,655.8469125
2713,7/23/2017,2725.5497170000003
157,7/24/2010,0.0
522,7/24/2011,13.979999
888,7/24/2012,8.96
1253,7/24/2013,93.6216
1618,7/24/2014,601.18
1983,7/24/2015,287.3
2349,7/24/2016,661.4130125
2714,7/24/2017,2751.8210289999997
158,7/25/2010,0.0
523,7/25/2011,14.7399
889,7/25/2012,8.76998
1254,7/25/2013,96.2
1619,7/25/2014,602.59
1984,7/25/2015,287.12
2350,7/25/2016,654.69545
2715,7/25/2017,2560.997917
159,7/26/2010,0.0
524,7/26/2011,14.4
890,7/26/2012,8.9
1255,7/26/2013,96.39475
1620,7/26/2014,595.88
1985,7/26/2015,292.33
2351,7/26/2016,655.0654625
2716,7/26/2017,2495.028586
160,7/27/2010,0.0
525,7/27/2011,14.13
891,7/27/2012,8.95
1256,7/27/2013,95.20461
1621,7/27/2014,592.51
1986,7/27/2015,290.79
2352,7/27/2016,654.9810375
2717,7/27/2017,2647.625
161,7/28/2010,0.0
526,7/28/2011,14.0
892,7/28/2012,8.93
1257,7/28/2013,99.00001
1622,7/28/2014,586.96
1987,7/28/2015,295.24
2353,7/28/2016,655.32875
2718,7/28/2017,2781.636583
162,7/29/2010,0.0
527,7/29/2011,13.8
893,7/29/2012,8.889
1258,7/29/2013,101.04202
1623,7/29/2014,581.5
1988,7/29/2015,290.7
2354,7/29/2016,656.8876125
2719,7/29/2017,2722.512786
136,7/3/2010,0.0
501,7/3/2011,15.7
867,7/3/2012,6.765
1232,7/3/2013,82.8
1597,7/3/2014,644.04
1962,7/3/2015,255.1
2328,7/3/2016,658.4175
2693,7/3/2017,2561.225429
163,7/30/2010,0.0
528,7/30/2011,13.8
894,7/30/2012,9.15
1259,7/30/2013,101.89998
1624,7/30/2014,573.48
1989,7/30/2015,287.56
2355,7/30/2016,654.7369625
2720,7/30/2017,2745.955417
164,7/31/2010,0.0
529,7/31/2011,14.8999
895,7/31/2012,9.44
1260,7/31/2013,104.95555
1625,7/31/2014,586.0
1990,7/31/2015,284.78
2356,7/31/2016,628.015375
2721,7/31/2017,2866.4316670000003
137,7/4/2010,0.0
502,7/4/2011,15.85
868,7/4/2012,6.55
1233,7/4/2013,79.8
1598,7/4/2014,635.49
1963,7/4/2015,257.92
2329,7/4/2016,676.3294375
2694,7/4/2017,2599.7298379999997
138,7/5/2010,0.0
503,7/5/2011,15.0
869,7/5/2012,6.77
1234,7/5/2013,67.85844
1599,7/5/2014,632.78
1964,7/5/2015,270.92
2330,7/5/2016,666.4855875
2695,7/5/2017,2619.187503
139,7/6/2010,0.0
504,7/6/2011,16.5
870,7/6/2012,6.734489999999999
1235,7/6/2013,69.34602
1600,7/6/2014,634.49
1965,7/6/2015,273.37
2331,7/6/2016,673.786825
2696,7/6/2017,2609.96775
140,7/7/2010,0.0
505,7/7/2011,16.25
871,7/7/2012,6.75
1236,7/7/2013,70.942
1601,7/7/2014,621.98
1966,7/7/2015,267.26
2332,7/7/2016,636.3588625
2697,7/7/2017,2491.201214
141,7/8/2010,0.0
506,7/8/2011,15.64276
872,7/8/2012,6.87
1237,7/8/2013,77.64
1602,7/8/2014,623.7
1967,7/8/2015,269.68
2333,7/8/2016,659.5552375
2698,7/8/2017,2562.130663
142,7/9/2010,0.0
507,7/9/2011,15.0
873,7/9/2012,6.896
1238,7/9/2013,76.32791
1603,7/9/2014,624.84
1968,7/9/2015,270.68
2334,7/9/2016,651.8649125
2699,7/9/2017,2536.238938
165,8/1/2010,0.0
530,8/1/2011,13.5501
896,8/1/2012,9.54
1261,8/1/2013,104.19
1626,8/1/2014,601.94
1991,8/1/2015,280.72
2357,8/1/2016,606.3223429
2722,8/1/2017,2710.413067
174,8/10/2010,0.0
539,8/10/2011,10.7
905,8/10/2012,11.6
1270,8/10/2013,102.61802
1635,8/10/2014,588.99
2000,8/10/2015,264.07
2366,8/10/2016,592.1899
2731,8/10/2017,3424.4042
175,8/11/2010,0.0
540,8/11/2011,10.4959
906,8/11/2012,11.59788
1271,8/11/2013,103.85001
1636,8/11/2014,578.97
2001,8/11/2015,265.85
2367,8/11/2016,589.24185
2732,8/11/2017,3632.506667
176,8/12/2010,0.0
541,8/12/2011,9.89520343
907,8/12/2012,11.765
1272,8/12/2013,104.99498
1637,8/12/2014,569.54
2002,8/12/2015,267.89
2368,8/12/2016,587.7556
2733,8/12/2017,3852.802914
177,8/13/2010,0.0
542,8/13/2011,10.05
908,8/13/2012,11.86999
1273,8/13/2013,107.29883999999998
1638,8/13/2014,550.14
2003,8/13/2015,265.97
2369,8/13/2016,586.4345375
2734,8/13/2017,4125.54802
178,8/14/2010,0.0
543,8/14/2011,11.24
909,8/14/2012,12.17887
1274,8/14/2013,100.03
1639,8/14/2014,521.66
2004,8/14/2015,266.99
2370,8/14/2016,570.9764142999999
2735,8/14/2017,4282.992
179,8/15/2010,0.0
544,8/15/2011,11.89
910,8/15/2012,12.67
1275,8/15/2013,98.28
1640,8/15/2014,498.16
2005,8/15/2015,265.41
2371,8/15/2016,570.142225
2736,8/15/2017,4217.028329
180,8/16/2010,0.0
545,8/16/2011,11.38
911,8/16/2012,13.84119
1276,8/16/2013,98.51
1641,8/16/2014,509.0
2006,8/16/2015,257.47
2372,8/16/2016,581.1185875
2737,8/16/2017,4360.876871
181,8/17/2010,0.0769
546,8/17/2011,11.3
912,8/17/2012,15.4
1277,8/17/2013,98.39
1642,8/17/2014,491.88
2007,8/17/2015,257.45
2373,8/17/2016,575.518
2738,8/17/2017,4328.725717
182,8/18/2010,0.07400000000000001
547,8/18/2011,11.67
913,8/18/2012,15.26014
1278,8/18/2013,99.02
1643,8/18/2014,468.19
2008,8/18/2015,253.91
2374,8/18/2016,576.0360875
2739,8/18/2017,4130.440067
183,8/19/2010,0.0688
548,8/19/2011,11.81
914,8/19/2012,12.0
1279,8/19/2013,102.07
1644,8/19/2014,487.5
2009,8/19/2015,233.29
2375,8/19/2016,576.657075
2740,8/19/2017,4222.662214
166,8/2/2010,0.0
531,8/2/2011,13.45
897,8/2/2012,9.8
1262,8/2/2013,105.5
1627,8/2/2014,591.59
1992,8/2/2015,280.69
2358,8/2/2016,515.0619
2723,8/2/2017,2693.6339829999997
184,8/20/2010,0.0667
549,8/20/2011,11.798
915,8/20/2012,10.5
1280,8/20/2013,104.59
1645,8/20/2014,507.3
2010,8/20/2015,233.23
2376,8/20/2016,583.2078625
2741,8/20/2017,4157.958033
185,8/21/2010,0.066899
550,8/21/2011,11.59
916,8/21/2012,10.29999
1281,8/21/2013,109.75
1646,8/21/2014,525.78
2011,8/21/2015,233.59
2377,8/21/2016,582.821675
2742,8/21/2017,4043.722
186,8/22/2010,0.0664
551,8/22/2011,11.501
917,8/22/2012,10.26
1282,8/22/2013,111.01
1647,8/22/2014,518.25
2012,8/22/2015,226.04
2378,8/22/2016,588.9727625
2743,8/22/2017,4082.1809829999997
187,8/23/2010,0.066
552,8/23/2011,11.49
918,8/23/2012,10.25
1283,8/23/2013,107.48
1648,8/23/2014,503.88
2013,8/23/2015,228.68
2379,8/23/2016,586.18515
2744,8/23/2017,4174.95
188,8/24/2010,0.066889
553,8/24/2011,11.4
919,8/24/2012,10.25
1284,8/24/2013,108.79
1649,8/24/2014,510.75
2014,8/24/2015,213.24
2380,8/24/2016,582.8479875
2745,8/24/2017,4340.316717000001
189,8/25/2010,0.0665
554,8/25/2011,10.965539999999999
920,8/25/2012,10.25
1285,8/25/2013,112.9
1650,8/25/2014,503.79
2015,8/25/2015,222.02
2381,8/25/2016,579.86365
2746,8/25/2017,4363.05445
190,8/26/2010,0.066499
555,8/26/2011,10.3
921,8/26/2012,10.61913
1286,8/26/2013,111.8
1651,8/26/2014,512.79
2016,8/26/2015,228.84
2382,8/26/2016,581.07245
2747,8/26/2017,4360.513317
191,8/27/2010,0.065
556,8/27/2011,9.11
922,8/27/2012,12.149989999999999
1287,8/27/2013,117.52
1652,8/27/2014,514.84
2017,8/27/2015,228.27
2383,8/27/2016,571.5419875
2748,8/27/2017,4354.308333
192,8/28/2010,0.065
557,8/28/2011,9.48
923,8/28/2012,11.3807
1288,8/28/2013,119.25
1653,8/28/2014,509.39
2018,8/28/2015,234.17
2384,8/28/2016,576.534
2749,8/28/2017,4391.673517
193,8/29/2010,0.0648
558,8/29/2011,9.4811
924,8/29/2012,11.20999
1289,8/29/2013,119.48
1654,8/29/2014,511.99
2019,8/29/2015,228.22
2385,8/29/2016,575.2244125
2750,8/29/2017,4607.98545
167,8/3/2010,0.0
532,8/3/2011,13.1
898,8/3/2012,11.1188
1263,8/3/2013,103.80001
1628,8/3/2014,589.79
1993,8/3/2015,284.39
2359,8/3/2016,565.0516713999999
2724,8/3/2017,2794.117717
194,8/30/2010,0.069
559,8/30/2011,9.150310000000001
925,8/30/2012,10.937000000000001
1290,8/30/2013,124.79
1655,8/30/2014,503.88
2020,8/30/2015,226.47
2386,8/30/2016,578.616575
2751,8/30/2017,4594.98785
195,8/31/2010,0.06497
560,8/31/2011,9.0
926,8/31/2012,10.8359
1291,8/31/2013,132.75
1656,8/31/2014,477.98
2021,8/31/2015,230.94
2387,8/31/2016,574.8279375
2752,8/31/2017,4748.255
168,8/4/2010,0.0
533,8/4/2011,11.4876543
899,8/4/2012,11.3
1264,8/4/2013,104.67459000000001
1629,8/4/2014,593.94
1994,8/4/2015,285.0
2360,8/4/2016,577.3157714
2725,8/4/2017,2873.851083
169,8/5/2010,0.0
534,8/5/2011,11.55
900,8/5/2012,11.1869
1265,8/5/2013,106.4
1630,8/5/2014,580.21
1995,8/5/2015,282.69
2361,8/5/2016,576.5590857000001
2726,8/5/2017,3218.115017
170,8/6/2010,0.0
535,8/6/2011,11.0
901,8/6/2012,11.29112
1266,8/6/2013,106.88378
1631,8/6/2014,581.6
1996,8/6/2015,277.1
2362,8/6/2016,588.2312714
2727,8/6/2017,3252.562533
171,8/7/2010,0.0
536,8/7/2011,9.8
902,8/7/2012,11.04
1267,8/7/2013,105.6
1632,8/7/2014,587.24
1997,8/7/2015,279.39
2363,8/7/2016,594.2748857
2728,8/7/2017,3407.2268329999997
172,8/8/2010,0.0
537,8/8/2011,8.89
903,8/8/2012,11.149989999999999
1268,8/8/2013,101.9
1633,8/8/2014,589.3
1998,8/8/2015,269.89
2364,8/8/2016,592.6975
2729,8/8/2017,3457.3743329999998
173,8/9/2010,0.0
538,8/9/2011,12.1
904,8/9/2012,12.0
1269,8/9/2013,102.3
1634,8/9/2014,588.61
1999,8/9/2015,265.42
2365,8/9/2016,588.7753875
2730,8/9/2017,3357.326317
196,9/1/2010,0.0649
561,9/1/2011,8.44934
927,9/1/2012,10.42
1292,9/1/2013,130.82
1657,9/1/2014,482.59
2022,9/1/2015,228.32
2388,9/1/2016,572.818375
2753,9/1/2017,4911.740017
205,9/10/2010,0.06201
570,9/10/2011,6.20892
936,9/10/2012,11.127
1301,9/10/2013,123.39
1666,9/10/2014,485.03
2031,9/10/2015,239.68
2397,9/10/2016,625.7635
2762,9/10/2017,4329.955
206,9/11/2010,0.062
571,9/11/2011,7.4
937,9/11/2012,11.19401
1302,9/11/2013,124.1
1667,9/11/2014,469.0
2032,9/11/2015,239.93
2398,9/11/2016,608.15855
2763,9/11/2017,4248.090017
207,9/12/2010,0.064999
572,9/12/2011,7.081
938,9/12/2012,11.3789
1303,9/12/2013,128.45
1668,9/12/2014,470.43
2033,9/12/2015,235.13
2399,9/12/2016,609.6705
2764,9/12/2017,4219.036617
208,9/13/2010,0.06201
573,9/13/2011,6.25
939,9/13/2012,11.399000000000001
1304,9/13/2013,128.29
1669,9/13/2014,479.86
2034,9/13/2015,229.86
2400,9/13/2016,610.928125
2765,9/13/2017,3961.271267
209,9/14/2010,0.0641
574,9/14/2011,5.990000001
940,9/14/2012,11.75
1305,9/14/2013,124.32
1670,9/14/2014,475.49
2035,9/14/2015,230.88
2401,9/14/2016,612.0847375
2766,9/14/2017,3319.63
210,9/15/2010,0.175
575,9/15/2011,5.69
941,9/15/2012,11.799000000000001
1306,9/15/2013,125.46
1671,9/15/2014,475.3
2036,9/15/2015,230.0
2402,9/15/2016,610.386125
2767,9/15/2017,3774.2652829999997
211,9/16/2010,0.0619
576,9/16/2011,5.23
942,9/16/2012,11.99
1307,9/16/2013,126.02
1672,9/16/2014,468.0
2037,9/16/2015,227.86
2403,9/16/2016,609.11465
2768,9/16/2017,3763.6260399999996
212,9/17/2010,0.0609
577,9/17/2011,5.022
943,9/17/2012,11.9625
1308,9/17/2013,127.56
1673,9/17/2014,448.0
2038,9/17/2015,234.0
2404,9/17/2016,608.006875
2769,9/17/2017,3746.060783
213,9/18/2010,0.0609
578,9/18/2011,5.0
944,9/18/2012,12.09
1309,9/18/2013,127.23
1674,9/18/2014,428.19
2039,9/18/2015,232.99
2405,9/18/2016,611.5859
2770,9/18/2017,4093.316667
214,9/19/2010,0.062599
579,9/19/2011,5.6
945,9/19/2012,12.61
1310,9/19/2013,124.1
1675,9/19/2014,398.89
2040,9/19/2015,230.71
2406,9/19/2016,610.1965
2771,9/19/2017,3943.413333
197,9/2/2010,0.0629
562,9/2/2011,8.4989
928,9/2/2012,10.18999
1293,9/2/2013,131.03
1658,9/2/2014,483.65
2023,9/2/2015,230.68
2389,9/2/2016,576.2180000000001
2754,9/2/2017,4580.387479999999
215,9/20/2010,0.0634
580,9/20/2011,6.795
946,9/20/2012,12.68666
1311,9/20/2013,123.98
1676,9/20/2014,415.56
2041,9/20/2015,230.2
2407,9/20/2016,609.74875
2772,9/20/2017,3977.5616670000004
216,9/21/2010,0.0633
581,9/21/2011,6.28664
947,9/21/2012,12.57001
1312,9/21/2013,123.5
1677,9/21/2014,406.3
2042,9/21/2015,226.56
2408,9/21/2016,598.884875
2773,9/21/2017,3658.898183
217,9/22/2010,0.0628
582,9/22/2011,5.83001
948,9/22/2012,12.4433
1313,9/22/2013,122.78
1678,9/22/2014,400.98
2043,9/22/2015,229.43
2409,9/22/2016,597.4226
2774,9/22/2017,3637.50255
218,9/23/2010,0.063
583,9/23/2011,5.70653
949,9/23/2012,12.2749
1314,9/23/2013,123.02
1679,9/23/2014,423.0
2044,9/23/2015,229.95
2410,9/23/2016,604.2225
2775,9/23/2017,3776.3869
219,9/24/2010,0.06281
584,9/24/2011,5.66
950,9/24/2012,12.29888
1315,9/24/2013,122.59
1680,9/24/2014,431.91
2045,9/24/2015,233.9
2411,9/24/2016,603.8854
2776,9/24/2017,3703.04065
220,9/25/2010,0.0624
585,9/25/2011,5.5
951,9/25/2012,12.22909
1316,9/25/2013,124.18
1681,9/25/2014,408.08
2046,9/25/2015,235.79
2412,9/25/2016,601.7472375
2777,9/25/2017,3942.555
221,9/26/2010,0.062278999999999994
586,9/26/2011,5.46014
952,9/26/2012,12.28
1317,9/26/2013,123.85
1682,9/26/2014,405.14
2047,9/26/2015,233.76
2413,9/26/2016,608.1469625
2778,9/26/2017,3910.307383
222,9/27/2010,0.062206
587,9/27/2011,5.13018
953,9/27/2012,12.46
1318,9/27/2013,125.6
1683,9/27/2014,400.74
2048,9/27/2015,232.85
2414,9/27/2016,605.9622125
2779,9/27/2017,4202.554983
223,9/28/2010,0.06271
588,9/28/2011,4.989
954,9/28/2012,12.444
1319,9/28/2013,126.5
1684,9/28/2014,380.0
2049,9/28/2015,238.94
2415,9/28/2016,605.679475
2780,9/28/2017,4201.98905
224,9/29/2010,0.062189999999999995
589,9/29/2011,4.809
955,9/29/2012,12.49
1320,9/29/2013,128.1
1685,9/29/2014,381.94
2050,9/29/2015,237.68
2416,9/29/2016,606.36375
2781,9/29/2017,4193.574667
198,9/3/2010,0.0634
563,9/3/2011,8.7138
929,9/3/2012,10.5
1294,9/3/2013,130.45
1659,9/3/2014,472.76
2024,9/3/2015,227.42
2390,9/3/2016,600.8860875
2755,9/3/2017,4648.159983
225,9/30/2010,0.06192
590,9/30/2011,5.35
956,9/30/2012,12.47499
1321,9/30/2013,125.8
1686,9/30/2014,382.67
2051,9/30/2015,237.91
2417,9/30/2016,609.3962875
2782,9/30/2017,4335.368317
199,9/4/2010,0.0613
564,9/4/2011,8.593999999
930,9/4/2012,10.5934
1295,9/4/2013,126.74
1660,9/4/2014,486.0
2025,9/4/2015,230.8
2391,9/4/2016,610.59875
2756,9/4/2017,4344.098317
200,9/5/2010,0.0629
565,9/5/2011,8.467
931,9/5/2012,10.57888
1296,9/5/2013,124.51
1661,9/5/2014,485.91
2026,9/5/2015,234.67
2392,9/5/2016,608.10975
2757,9/5/2017,4488.720139999999
201,9/6/2010,0.064
566,9/6/2011,7.65713
932,9/6/2012,11.17
1297,9/6/2013,122.44
1662,9/6/2014,481.09
2027,9/6/2015,240.2
2393,9/6/2016,611.097475
2758,9/6/2017,4641.822017
202,9/7/2010,0.06185
567,9/7/2011,7.59916
933,9/7/2012,11.29
1298,9/7/2013,120.15
1663,9/7/2014,480.62
2028,9/7/2015,241.31
2394,9/7/2016,614.4637625
2759,9/7/2017,4654.6585
203,9/8/2010,0.06201
568,9/8/2011,7.31509
934,9/8/2012,11.21
1299,9/8/2013,118.51
1664,9/8/2014,476.61
2029,9/8/2015,243.08
2395,9/8/2016,627.777875
2760,9/8/2017,4310.750183
204,9/9/2010,0.0624
569,9/9/2011,6.94
935,9/9/2012,11.14288
1300,9/9/2013,121.66
1665,9/9/2014,466.48
2030,9/9/2015,240.08
2396,9/9/2016,625.0709
2761,9/9/2017,4375.559520000001
